{"STATE":"REVERSAL","buys":1,"last3":[90259.98999999999,90259.98999999999,90259.98999999999],"lastPriceStored":null}